{
  "hash": "03a0c690",
  "configHash": "61828be8",
  "lockfileHash": "f7d3f38f",
  "browserHash": "933f65f1",
  "optimized": {
    "@angular/common": {
      "src": "../../../../../../node_modules/@angular/common/fesm2022/common.mjs",
      "file": "@angular_common.js",
      "fileHash": "3c11f879",
      "needsInterop": false
    },
    "@angular/core": {
      "src": "../../../../../../node_modules/@angular/core/fesm2022/core.mjs",
      "file": "@angular_core.js",
      "fileHash": "e8d9afde",
      "needsInterop": false
    },
    "@angular/forms": {
      "src": "../../../../../../node_modules/@angular/forms/fesm2022/forms.mjs",
      "file": "@angular_forms.js",
      "fileHash": "fdd20bba",
      "needsInterop": false
    },
    "@angular/platform-browser": {
      "src": "../../../../../../node_modules/@angular/platform-browser/fesm2022/platform-browser.mjs",
      "file": "@angular_platform-browser.js",
      "fileHash": "b65aa4dc",
      "needsInterop": false
    },
    "@angular/router": {
      "src": "../../../../../../node_modules/@angular/router/fesm2022/router.mjs",
      "file": "@angular_router.js",
      "fileHash": "63e7a822",
      "needsInterop": false
    },
    "ngx-bootstrap-icons": {
      "src": "../../../../../../node_modules/ngx-bootstrap-icons/fesm2020/ngx-bootstrap-icons.mjs",
      "file": "ngx-bootstrap-icons.js",
      "fileHash": "c606a4c8",
      "needsInterop": false
    }
  },
  "chunks": {
    "chunk-MZZXBFNQ": {
      "file": "chunk-MZZXBFNQ.js"
    },
    "chunk-LJGW4UUE": {
      "file": "chunk-LJGW4UUE.js"
    },
    "chunk-VKUFYADX": {
      "file": "chunk-VKUFYADX.js"
    }
  }
}